{"stats":{"minecraft:killed":{"minecraft:sheep":1},"minecraft:custom":{"minecraft:jump":20,"minecraft:time_since_rest":3161,"minecraft:damage_dealt":80,"minecraft:crouch_one_cm":1905,"minecraft:leave_game":5,"minecraft:play_time":3161,"minecraft:sprint_one_cm":1269,"minecraft:time_since_death":3161,"minecraft:walk_one_cm":7807,"minecraft:sneak_time":396,"minecraft:total_world_time":3370,"minecraft:mob_kills":1,"minecraft:fly_one_cm":1277},"minecraft:used":{"flowersoplenty:african_daisy":1,"flowersoplenty:albuca_namaquensis":1,"flowersoplenty:australian_flame_pea":1,"flowersoplenty:pink_larkspur":2,"flowersoplenty:basket_stinkhorn":1,"flowersoplenty:baby_blue_eyes_small":1,"flowersoplenty:australian_cornflower":1,"flowersoplenty:baby_blue_eyes":1,"flowersoplenty:baneberry":1,"flowersoplenty:bachelor_button":1}},"DataVersion":3578}